n_patients,n_positive,positive_rate,auc,ap,country_iso,wb_group,top_feature_1_name,top_feature_1_importance,top_feature_2_name,top_feature_2_importance,top_feature_3_name,top_feature_3_importance,top_feature_4_name,top_feature_4_importance,top_feature_5_name,top_feature_5_importance,top_feature_6_name,top_feature_6_importance,top_feature_7_name,top_feature_7_importance,top_feature_8_name,top_feature_8_importance,top_feature_9_name,top_feature_9_importance,top_feature_10_name,top_feature_10_importance
582,24.0,0.041237113402061855,0.6819743130227002,0.12270036900972096,GB,2,approach_op_,0.14687658846378326,pre_indication,0.11870571225881577,op_operator,0.11604025959968567,op_img_stone_mx,0.07876355201005936,pre_urgency,0.06684734672307968,cbd_exploration_op_,0.06372924894094467,pre_img_finding_cbd,0.05035781115293503,op_operator_cons,0.04707710072398186,op_anaes_inhaled,0.03837508335709572,op_performed_stc,0.03709571808576584
470,6.0,0.01276595744680851,0.8239942528735632,0.1359532364010292,IN,0,approach_op_,0.15795859694480896,op_operator,0.11414270102977753,pre_indication,0.10432996600866318,cbd_exploration_op_,0.0768512636423111,pre_urgency,0.06159370392560959,op_anaes_inhaled,0.05903772637248039,op_operator_cons,0.05490592122077942,pre_img_finding_cbd,0.054361000657081604,op_img_stone_mx,0.05308892950415611,op_img_desc_select,0.044211164116859436
380,18.0,0.04736842105263158,0.8786065070595457,0.33508142700758026,IT,2,approach_op_,0.14597800374031067,pre_indication,0.11673688143491745,op_operator,0.10679503530263901,op_img_stone_mx,0.07704930007457733,pre_urgency,0.07115612924098969,cbd_exploration_op_,0.06197573244571686,pre_img_finding_cbd,0.061140015721321106,op_operator_cons,0.041774932295084,op_performed_stc,0.03926242142915726,op_nassar,0.03473357483744621
330,18.0,0.05454545454545454,0.6867877492877492,0.16584776553470537,US,2,approach_op_,0.14729264378547668,pre_indication,0.11868967860937119,op_operator,0.10547751188278198,op_img_stone_mx,0.08210496604442596,pre_urgency,0.0678662359714508,cbd_exploration_op_,0.061213817447423935,pre_img_finding_cbd,0.0553598515689373,op_performed_stc,0.04291833937168121,op_operator_cons,0.039216555655002594,pre_indication_atlanta,0.03320935741066933
288,17.0,0.059027777777777776,0.7171695246364229,0.24144528937627754,AU,2,approach_op_,0.13721905648708344,pre_indication,0.12033185362815857,op_operator,0.10314358025789261,op_img_stone_mx,0.08509227633476257,pre_urgency,0.07025942951440811,cbd_exploration_op_,0.062628835439682,pre_img_finding_cbd,0.06116662546992302,op_nassar,0.03893223777413368,op_operator_cons,0.038393065333366394,op_performed_stc,0.0371776707470417
221,12.0,0.05429864253393665,0.9433811802232854,0.7993284493284495,MX,1,approach_op_,0.14746041595935822,pre_indication,0.13189369440078735,pre_urgency,0.10774680972099304,op_operator,0.0969785749912262,op_img_stone_mx,0.06506532430648804,pre_img_finding_cbd,0.06178562715649605,pre_urgency_ele_list,0.0610211119055748,cbd_exploration_op_,0.05349871143698692,op_performed_stc,0.045136433094739914,op_operator_cons,0.03918145224452019
192,6.0,0.03125,0.8019713261648745,0.15646544813211477,PK,0,approach_op_,0.1577678769826889,op_operator,0.12661658227443695,pre_indication,0.10561061650514603,cbd_exploration_op_,0.07743141800165176,op_operator_cons,0.0633200854063034,op_anaes_inhaled,0.061920613050460815,pre_urgency,0.05506477504968643,op_img_stone_mx,0.05434097722172737,pre_img_finding_cbd,0.04625807702541351,op_img_desc_select,0.045117270201444626
186,2.0,0.010752688172043012,0.48641304347826086,0.08870967741935483,TR,1,approach_op_,0.15372255444526672,pre_indication,0.1168716624379158,op_operator,0.11545951664447784,op_img_stone_mx,0.07595600187778473,pre_urgency,0.06597399711608887,cbd_exploration_op_,0.06263388693332672,pre_img_finding_cbd,0.0499110221862793,op_operator_cons,0.04680143669247627,op_performed_stc,0.03955083340406418,op_anaes_inhaled,0.03648430109024048
179,6.0,0.0335195530726257,0.7071290944123314,0.42091288269693844,ES,2,approach_op_,0.1546100229024887,pre_indication,0.11757613718509674,op_operator,0.11479075998067856,op_img_stone_mx,0.07882940769195557,cbd_exploration_op_,0.06280934065580368,pre_urgency,0.062450580298900604,pre_img_finding_cbd,0.05036366730928421,op_operator_cons,0.04530370607972145,op_performed_stc,0.03709738329052925,op_img_desc_select,0.03547454625368118
167,5.0,0.029940119760479042,0.8567901234567901,0.17,PT,2,approach_op_,0.160267636179924,pre_indication,0.10927093029022217,op_operator,0.10507320612668991,pre_urgency,0.07129128277301788,op_img_stone_mx,0.06697658449411392,pre_img_finding_cbd,0.06384122371673584,cbd_exploration_op_,0.06103628873825073,op_performed_stc,0.048923857510089874,op_operator_cons,0.04195374995470047,op_img_desc_select,0.03762255609035492
164,12.0,0.07317073170731707,0.8536184210526316,0.45415022521465453,CO,1,pre_indication,0.11866828799247742,pre_img_finding_cbd,0.11191266775131226,approach_op_,0.10159273445606232,pre_urgency,0.09009511768817902,op_img_stone_mx,0.08651154488325119,op_nassar,0.08518147468566895,op_operator,0.06284485012292862,cbd_exploration_op_,0.06080690771341324,op_performed_stc,0.04646935686469078,pre_urgency_ele_list,0.03841564059257507
128,5.0,0.0390625,0.710569105691057,0.1734804490902052,EG,0,approach_op_,0.15806502103805542,op_operator,0.13251560926437378,pre_indication,0.10619249194860458,cbd_exploration_op_,0.07923534512519836,op_operator_cons,0.06842027604579926,pre_urgency,0.06598062813282013,op_anaes_inhaled,0.05947883427143097,op_img_stone_mx,0.05199534446001053,op_img_desc_select,0.049220092594623566,pre_img_finding_cbd,0.0407559759914875
113,1.0,0.008849557522123894,0.8928571428571429,0.07692307692307693,PH,0,approach_op_,0.19035522639751434,op_operator,0.1265510767698288,cbd_exploration_op_,0.10925942659378052,op_anaes_inhaled,0.09714304655790329,pre_indication,0.08213941752910614,op_operator_cons,0.07178352028131485,op_img_desc_select,0.0659264400601387,admission_prior,0.06091342866420746,op_abx_indication,0.04155297204852104,op_cvs_to,0.03544244170188904
103,4.0,0.038834951456310676,0.9772727272727273,0.725,GR,2,approach_op_,0.1430840939283371,pre_indication,0.11893313378095627,op_operator,0.10315456241369247,pre_urgency,0.07692418992519379,op_img_stone_mx,0.07597518712282181,pre_img_finding_cbd,0.06436872482299805,cbd_exploration_op_,0.06204463168978691,op_operator_cons,0.040597449988126755,op_performed_stc,0.03971439227461815,op_nassar,0.03631405532360077
93,1.0,0.010752688172043012,0.9239130434782609,0.125,PE,1,approach_op_,0.17234306037425995,op_operator,0.12769632041454315,pre_indication,0.10507573187351227,cbd_exploration_op_,0.07443425059318542,op_operator_cons,0.061634186655282974,pre_urgency,0.05676347762346268,op_anaes_inhaled,0.05464264750480652,op_img_stone_mx,0.05357430875301361,op_img_desc_select,0.04708796739578247,pre_img_finding_cbd,0.0436142235994339
84,4.0,0.047619047619047616,0.565625,0.2975132198026398,SA,2,approach_op_,0.11880649626255035,pre_indication,0.11665768176317215,op_operator,0.0894625186920166,pre_urgency,0.08625911176204681,pre_img_finding_cbd,0.08309169858694077,op_img_stone_mx,0.07474175095558167,op_nassar,0.07252833247184753,cbd_exploration_op_,0.0616079606115818,op_operator_cons,0.03540835529565811,op_anaes_inhaled,0.031129974871873856
72,3.0,0.041666666666666664,0.6086956521739131,0.3763934426229508,TN,0,approach_op_,0.19002170860767365,op_operator,0.14988353848457336,cbd_exploration_op_,0.10331844538450241,pre_indication,0.08877553790807724,op_operator_cons,0.0871950313448906,op_img_desc_select,0.07897992432117462,op_anaes_inhaled,0.06864425539970398,pre_urgency,0.03786914795637131,op_img_stone_mx,0.03555049002170563,op_abx_indication,0.03219430893659592
63,1.0,0.015873015873015872,0.6774193548387097,0.047619047619047616,JO,0,approach_op_,0.17327247560024261,op_operator,0.13463495671749115,pre_indication,0.10307913273572922,cbd_exploration_op_,0.08286762982606888,op_operator_cons,0.06914550811052322,op_anaes_inhaled,0.06594888120889664,op_img_desc_select,0.053759582340717316,op_img_stone_mx,0.04996737837791443,pre_urgency,0.04646620899438858,op_abx_indication,0.03796471655368805
55,5.0,0.09090909090909091,0.796,0.30607843137254903,SE,2,approach_op_,0.13347795605659485,pre_indication,0.11812794208526611,op_operator,0.10113731026649475,op_img_stone_mx,0.07559043169021606,pre_urgency,0.06847481429576874,op_nassar,0.06578254699707031,cbd_exploration_op_,0.06399489939212799,pre_img_finding_cbd,0.05896621569991112,op_operator_cons,0.04080585017800331,op_anaes_inhaled,0.033875271677970886
50,1.0,0.02,0.8775510204081632,0.14285714285714285,LY,1,approach_op_,0.16377916932106018,op_operator,0.1187431588768959,pre_indication,0.11274959146976471,op_img_stone_mx,0.07183590531349182,cbd_exploration_op_,0.07088805735111237,pre_urgency,0.056605398654937744,op_operator_cons,0.0508524589240551,op_img_desc_select,0.04418452829122543,pre_img_finding_cbd,0.043209027498960495,op_anaes_inhaled,0.03983910381793976
48,3.0,0.0625,0.42222222222222217,0.07350427350427349,DE,2,pre_indication,0.12411943078041077,approach_op_,0.12182841449975967,op_operator,0.100431889295578,op_img_stone_mx,0.09018021821975708,pre_urgency,0.07009640336036682,pre_img_finding_cbd,0.06678004562854767,cbd_exploration_op_,0.06561336666345596,op_nassar,0.04861252382397652,op_operator_cons,0.03768797963857651,pre_indication_atlanta,0.03377524018287659
48,1.0,0.020833333333333332,0.8723404255319149,0.14285714285714285,NZ,2,approach_op_,0.12459788471460342,pre_indication,0.12220118939876556,op_img_stone_mx,0.09882541000843048,op_operator,0.08168409764766693,pre_img_finding_cbd,0.07341001182794571,pre_urgency,0.07292725145816803,cbd_exploration_op_,0.06060703098773956,op_performed_stc,0.04758751392364502,op_nassar,0.046471938490867615,pre_indication_atlanta,0.036565735936164856
45,3.0,0.06666666666666667,0.6666666666666666,0.26111111111111107,AR,1,approach_op_,0.12334264069795609,pre_indication,0.11698585003614426,pre_img_finding_cbd,0.09851966798305511,pre_urgency,0.0871342271566391,op_img_stone_mx,0.08410803973674774,op_operator,0.07347825169563293,op_performed_stc,0.055834077298641205,op_nassar,0.054995615035295486,cbd_exploration_op_,0.054299212992191315,comorb_n,0.03631599619984627
45,0.0,0.0,,,MY,1,approach_op_,0.14865116775035858,pre_indication,0.11381189525127411,op_operator,0.0956561416387558,op_img_stone_mx,0.0755864679813385,pre_urgency,0.07375382632017136,pre_img_finding_cbd,0.06469414383172989,cbd_exploration_op_,0.06149586662650108,op_performed_stc,0.0453675240278244,op_operator_cons,0.03541231155395508,op_nassar,0.034548744559288025
43,0.0,0.0,,,PL,2,approach_op_,0.15147347748279572,op_operator,0.11655349284410477,pre_indication,0.11284837871789932,op_img_stone_mx,0.07031651586294174,cbd_exploration_op_,0.07010984420776367,pre_urgency,0.0600719153881073,op_operator_cons,0.052067406475543976,pre_img_finding_cbd,0.0500483363866806,op_anaes_inhaled,0.048529163002967834,op_img_desc_select,0.03762153536081314
40,2.0,0.05,0.986842105263158,0.8333333333333333,HR,2,pre_img_finding_cbd,0.16177751123905182,approach_op_,0.11384885758161545,pre_urgency,0.1069512665271759,pre_indication,0.0836128368973732,cbd_exploration_op_,0.08230438828468323,op_operator,0.059055913239717484,op_nassar,0.05403987690806389,op_performed_stc,0.04326339811086655,op_img_stone_mx,0.04148739576339722,op_img_desc_select,0.03906106948852539
36,0.0,0.0,,,CN,1,approach_op_,0.18922163546085358,op_operator,0.14133596420288086,pre_indication,0.09481360018253326,pre_urgency,0.09428471326828003,pre_img_finding_cbd,0.08561193197965622,op_operator_cons,0.06865623593330383,op_img_desc_select,0.06314163655042648,op_performed_stc,0.04955855756998062,cbd_exploration_op_,0.04287625104188919,comorb_n,0.04199158772826195
35,1.0,0.02857142857142857,1.0,1.0,MA,0,approach_op_,0.20396600663661957,op_operator,0.14772503077983856,pre_indication,0.09530805051326752,cbd_exploration_op_,0.08444245159626007,op_operator_cons,0.08052513748407364,op_anaes_inhaled,0.07259862869977951,op_img_desc_select,0.06435155123472214,pre_urgency,0.0454249233007431,op_abx_indication,0.03772934526205063,op_anaes_regional,0.03281984105706215
34,5.0,0.14705882352941177,0.9172413793103449,0.7302564102564102,RO,2,approach_op_,0.13024023175239563,pre_indication,0.1180959939956665,op_operator,0.09489046037197113,op_img_stone_mx,0.08149001747369766,cbd_exploration_op_,0.07307613641023636,pre_img_finding_cbd,0.06468471884727478,pre_urgency,0.06384456157684326,op_nassar,0.05521443113684654,op_operator_cons,0.03889717534184456,op_anaes_inhaled,0.03719239681959152
34,3.0,0.08823529411764706,0.89247311827957,0.7435897435897436,UA,0,approach_op_,0.17379751801490784,op_operator,0.14332997798919678,pre_indication,0.11132334172725677,cbd_exploration_op_,0.07424122095108032,op_operator_cons,0.06898730993270874,op_anaes_inhaled,0.06114569678902626,op_img_stone_mx,0.06071087345480919,pre_urgency,0.04870966821908951,op_img_desc_select,0.046010151505470276,op_abx_indication,0.03972628340125084
33,4.0,0.12121212121212122,0.8362068965517241,0.6493055555555556,YE,0,approach_op_,0.155236154794693,op_operator,0.11762459576129913,pre_indication,0.10382040590047836,cbd_exploration_op_,0.0832054391503334,op_anaes_inhaled,0.06547113507986069,op_img_stone_mx,0.058893587440252304,op_operator_cons,0.05672387406229973,pre_urgency,0.04883109778165817,op_img_desc_select,0.04569454491138458,pre_img_finding_cbd,0.03973608836531639
33,0.0,0.0,,,HU,2,approach_op_,0.18543389439582825,op_operator,0.1392238736152649,pre_indication,0.10734067857265472,cbd_exploration_op_,0.0676489919424057,op_operator_cons,0.06602643430233002,op_img_stone_mx,0.054832231253385544,op_anaes_inhaled,0.0545191615819931,pre_urgency,0.052964966744184494,op_img_desc_select,0.046533361077308655,op_abx_indication,0.04019196331501007
32,2.0,0.0625,0.5833333333333334,0.16666666666666666,BA,1,pre_indication,0.12598271667957306,approach_op_,0.1253071278333664,op_operator,0.10775765031576157,op_img_stone_mx,0.08987345546483994,cbd_exploration_op_,0.07016527652740479,op_nassar,0.06758610159158707,pre_urgency,0.06561089307069778,pre_img_finding_cbd,0.04477228596806526,op_operator_cons,0.041985925287008286,pre_urgency_ele_list,0.03708989545702934
32,0.0,0.0,,,RS,1,approach_op_,0.19283832609653473,op_operator,0.14184622466564178,pre_indication,0.1078440323472023,op_operator_cons,0.06596162915229797,cbd_exploration_op_,0.06579694896936417,op_img_stone_mx,0.055645640939474106,pre_urgency,0.05001610890030861,op_anaes_inhaled,0.04997841641306877,op_img_desc_select,0.04811755567789078,op_abx_indication,0.041596487164497375
32,1.0,0.03125,0.25806451612903225,0.041666666666666664,CZ,2,pre_urgency,0.14516514539718628,op_nassar,0.14208783209323883,pre_indication,0.12240013480186462,pre_img_finding_cbd,0.11273279786109924,op_img_stone_mx,0.06716999411582947,approach_op_,0.066551573574543,op_operator,0.05943933501839638,cbd_exploration_op_,0.04719789698719978,frailty,0.045228343456983566,pre_urgency_ele_list,0.03636675328016281
31,0.0,0.0,,,RU,1,approach_op_,0.1882874220609665,op_operator,0.14512327313423157,pre_indication,0.10819698870182037,op_operator_cons,0.06909625232219696,cbd_exploration_op_,0.06873779743909836,op_img_stone_mx,0.056332506239414215,op_anaes_inhaled,0.05525261163711548,pre_urgency,0.04915378987789154,op_img_desc_select,0.04822630062699318,op_abx_indication,0.04101213067770004
30,0.0,0.0,,,TW,2,approach_op_,0.13633593916893005,pre_indication,0.11192090809345245,pre_img_finding_cbd,0.09599923342466354,pre_urgency,0.09196370840072632,op_img_stone_mx,0.08014319837093353,op_performed_stc,0.07168586552143097,op_operator,0.06730303913354874,cbd_exploration_op_,0.049476686865091324,op_nassar,0.04380755126476288,comorb_n,0.04281529039144516
28,3.0,0.10714285714285714,0.9066666666666666,0.6095238095238096,BR,1,approach_op_,0.13518954813480377,pre_indication,0.12459716945886612,op_operator,0.1215818002820015,op_img_stone_mx,0.08700601756572723,cbd_exploration_op_,0.06864868849515915,pre_urgency,0.05970568209886551,op_operator_cons,0.049516335129737854,pre_img_finding_cbd,0.045597124844789505,op_anaes_inhaled,0.041144635528326035,op_nassar,0.035405151546001434
27,0.0,0.0,,,KW,2,approach_op_,0.1462986320257187,pre_indication,0.11376079171895981,op_operator,0.09483970701694489,op_img_stone_mx,0.0771770179271698,pre_urgency,0.07022131979465485,pre_img_finding_cbd,0.06898849457502365,cbd_exploration_op_,0.06051197275519371,op_performed_stc,0.04790043830871582,op_nassar,0.04007131606340408,op_operator_cons,0.03465622663497925
27,0.0,0.0,,,LT,2,approach_op_,0.12911972403526306,pre_indication,0.12110733240842819,op_img_stone_mx,0.09444766491651535,op_operator,0.07856068760156631,pre_urgency,0.07720094919204712,pre_img_finding_cbd,0.07261459529399872,cbd_exploration_op_,0.058039262890815735,op_performed_stc,0.052646420896053314,op_nassar,0.046550337225198746,pre_indication_atlanta,0.036440689116716385
26,0.0,0.0,,,AZ,1,approach_op_,0.19824892282485962,op_operator,0.15013480186462402,pre_indication,0.10187460482120514,op_operator_cons,0.07763013988733292,cbd_exploration_op_,0.07688327133655548,op_anaes_inhaled,0.06785379350185394,op_img_desc_select,0.056458719074726105,pre_urgency,0.04449030011892319,op_abx_indication,0.04190533608198166,op_img_stone_mx,0.04170684143900871
24,1.0,0.041666666666666664,0.8260869565217391,0.2,ET,0,approach_op_,0.1951826810836792,op_operator,0.15320223569869995,pre_indication,0.10249131172895432,op_operator_cons,0.07883485406637192,cbd_exploration_op_,0.07853646576404572,op_anaes_inhaled,0.07089178264141083,op_img_desc_select,0.056420523673295975,op_img_stone_mx,0.043199509382247925,op_abx_indication,0.04299643635749817,pre_urgency,0.042705096304416656
24,0.0,0.0,,,GT,1,approach_op_,0.1656617969274521,pre_indication,0.11509989202022552,op_operator,0.10678761452436447,op_img_stone_mx,0.07991226017475128,pre_urgency,0.06284604221582413,cbd_exploration_op_,0.05731869116425514,pre_img_finding_cbd,0.047406766563653946,op_performed_stc,0.04729647934436798,op_operator_cons,0.037656258791685104,op_abx_indication,0.03690161556005478
23,1.0,0.043478260869565216,0.9545454545454546,0.5,CH,2,pre_indication,0.1280897706747055,approach_op_,0.10590904951095581,pre_urgency,0.10544884949922562,op_img_stone_mx,0.09672896564006805,op_operator,0.08356308937072754,cbd_exploration_op_,0.0696488469839096,pre_urgency_ele_list,0.0670517310500145,pre_img_finding_cbd,0.06519272178411484,op_nassar,0.06179102137684822,hist_ac,0.0378107875585556
23,1.0,0.043478260869565216,0.8636363636363636,0.25,FR,2,pre_indication,0.11800096929073334,pre_img_finding_cbd,0.11229323595762253,approach_op_,0.09674573689699173,pre_urgency,0.09567371010780334,op_nassar,0.09011747688055038,op_img_stone_mx,0.08110437542200089,op_operator,0.060627348721027374,cbd_exploration_op_,0.05627940595149994,op_performed_stc,0.04891607537865639,frailty,0.03692515194416046
22,0.0,0.0,,,CA,2,approach_op_,0.17032547295093536,op_operator,0.12158282101154327,pre_indication,0.11169962584972382,op_img_stone_mx,0.06554384529590607,pre_urgency,0.06211499869823456,cbd_exploration_op_,0.060416024178266525,op_operator_cons,0.05164312943816185,pre_img_finding_cbd,0.0464896522462368,op_img_desc_select,0.04067618399858475,op_abx_indication,0.037637874484062195
21,0.0,0.0,,,LV,2,approach_op_,0.18768377602100372,op_operator,0.14780648052692413,pre_indication,0.10851246118545532,op_operator_cons,0.07049476355314255,cbd_exploration_op_,0.06799498945474625,op_anaes_inhaled,0.056769125163555145,op_img_stone_mx,0.05648878216743469,pre_urgency,0.04901158809661865,op_img_desc_select,0.04791697859764099,op_abx_indication,0.04163031652569771
21,0.0,0.0,,,DO,1,pre_img_finding_cbd,0.16886696219444275,pre_urgency,0.14164823293685913,approach_op_,0.13132719695568085,pre_indication,0.0978461429476738,op_performed_stc,0.08928093314170837,comorb_n,0.05785549804568291,op_operator,0.049985360354185104,op_nassar,0.04561959579586983,op_img_stone_mx,0.043681226670742035,pre_urgency_ele_list,0.03825955092906952
20,2.0,0.1,0.9444444444444444,0.75,SD,0,pre_img_finding_cbd,0.13071276247501373,pre_indication,0.12666963040828705,op_nassar,0.12651312351226807,op_img_stone_mx,0.10262982547283173,pre_urgency,0.08431322127580643,cbd_exploration_op_,0.06906811892986298,approach_op_,0.06504786014556885,op_operator,0.049749381840229034,hist_ac,0.04957860708236694,pre_urgency_ele_list,0.041269995272159576
19,0.0,0.0,,,OM,2,pre_indication,0.12147228419780731,pre_urgency,0.11224949359893799,pre_img_finding_cbd,0.11111023277044296,approach_op_,0.09842261672019958,op_img_stone_mx,0.08114730566740036,op_operator,0.07758092135190964,op_nassar,0.05869239196181297,cbd_exploration_op_,0.05196301266551018,op_performed_stc,0.04637214541435242,comorb_n,0.034996792674064636
18,0.0,0.0,,,BG,1,approach_op_,0.19764533638954163,op_operator,0.14602503180503845,pre_indication,0.10281311720609665,op_operator_cons,0.07371888309717178,cbd_exploration_op_,0.07265554368495941,op_anaes_inhaled,0.062343496829271317,op_img_desc_select,0.05375074967741966,pre_urgency,0.04919806495308876,op_img_stone_mx,0.04359494894742966,op_abx_indication,0.04061572253704071
17,1.0,0.058823529411764705,0.25,0.07692307692307693,AE,2,pre_indication,0.12885168194770813,approach_op_,0.11043374985456467,op_img_stone_mx,0.09972938895225525,pre_img_finding_cbd,0.08618386834859848,pre_urgency,0.08556511998176575,op_operator,0.07243885844945908,cbd_exploration_op_,0.05927684158086777,op_performed_stc,0.05298065394163132,op_nassar,0.05290771275758743,pre_urgency_ele_list,0.03679320216178894
17,0.0,0.0,,,ZA,1,approach_op_,0.19443081319332123,op_operator,0.13658781349658966,pre_indication,0.10102391988039017,cbd_exploration_op_,0.07483097165822983,op_operator_cons,0.06820467114448547,op_img_desc_select,0.05575273931026459,op_anaes_inhaled,0.05424925684928894,pre_urgency,0.0510040745139122,op_img_stone_mx,0.045722778886556625,op_abx_indication,0.03657569736242294
17,1.0,0.058823529411764705,0.4375,0.1,LK,0,approach_op_,0.13705161213874817,pre_indication,0.10914003103971481,op_operator,0.09757313132286072,cbd_exploration_op_,0.07340558618307114,pre_img_finding_cbd,0.07277555018663406,op_img_stone_mx,0.07159756124019623,pre_urgency,0.07104607671499252,op_operator_cons,0.04137413203716278,op_nassar,0.040167342871427536,op_performed_stc,0.038317106664180756
17,0.0,0.0,,,EC,1,approach_op_,0.18268965184688568,op_operator,0.11125301569700241,pre_indication,0.10333810746669769,pre_urgency,0.08612748235464096,pre_img_finding_cbd,0.07427731156349182,op_performed_stc,0.05947636812925339,cbd_exploration_op_,0.04810396581888199,op_img_stone_mx,0.04734659194946289,op_operator_cons,0.045713238418102264,op_img_desc_select,0.04513324052095413
16,3.0,0.1875,0.7692307692307692,0.4444444444444444,NG,0,approach_op_,0.17401912808418274,op_operator,0.1280668079853058,pre_indication,0.11050033569335938,cbd_exploration_op_,0.07300795614719391,op_img_stone_mx,0.06297318637371063,op_operator_cons,0.05890706554055214,pre_urgency,0.052904173731803894,op_anaes_inhaled,0.04943044111132622,op_img_desc_select,0.046868227422237396,op_abx_indication,0.03743454068899155
16,0.0,0.0,,,IE,2,approach_op_,0.15828382968902588,pre_indication,0.1135062575340271,op_operator,0.11117786914110184,op_img_stone_mx,0.07240817695856094,pre_urgency,0.06584042310714722,cbd_exploration_op_,0.060757964849472046,pre_img_finding_cbd,0.057231172919273376,op_operator_cons,0.044495198875665665,op_performed_stc,0.0412454791367054,op_img_desc_select,0.0353022925555706
14,0.0,0.0,,,KZ,1,approach_op_,0.13857845962047577,pre_indication,0.12155822664499283,op_operator,0.09515850991010666,op_img_stone_mx,0.09387308359146118,pre_urgency,0.06670437753200531,cbd_exploration_op_,0.06233523413538933,pre_img_finding_cbd,0.056978739798069,op_performed_stc,0.04246017336845398,pre_indication_atlanta,0.036405835300683975,op_nassar,0.03518497571349144
14,0.0,0.0,,,ID,1,op_operator,0.17056533694267273,approach_op_,0.16756075620651245,admission_prior,0.12223599851131439,op_anaes_inhaled,0.11525428295135498,op_operator_cons,0.10697796195745468,cbd_exploration_op_,0.09175881743431091,pre_indication,0.08432456851005554,op_img_desc_select,0.05170746147632599,op_abx_indication,0.0361236147582531,op_cvs_to,0.035395268350839615
13,1.0,0.07692307692307693,0.75,0.25,AT,2,pre_indication,0.11553667485713959,approach_op_,0.11332453787326813,op_nassar,0.10777294635772705,op_operator,0.08620823174715042,pre_img_finding_cbd,0.08496367186307907,pre_urgency,0.08042000234127045,op_img_stone_mx,0.06733105331659317,cbd_exploration_op_,0.06240276247262955,op_operator_cons,0.03644164651632309,frailty,0.03239265829324722
13,0.0,0.0,,,QA,2,pre_indication,0.13671545684337616,approach_op_,0.11600223183631897,op_img_stone_mx,0.11362840235233307,op_operator,0.09762461483478546,cbd_exploration_op_,0.06593886017799377,pre_urgency,0.06433428823947906,pre_img_finding_cbd,0.051377300173044205,pre_indication_atlanta,0.04186893254518509,op_nassar,0.035685472190380096,op_performed_stc,0.034638211131095886
12,0.0,0.0,,,PY,1,approach_op_,0.19855652749538422,op_operator,0.1393645703792572,pre_indication,0.1011916846036911,cbd_exploration_op_,0.07404570281505585,op_operator_cons,0.06965236365795135,op_anaes_inhaled,0.06361299753189087,op_img_desc_select,0.05383989214897156,pre_urgency,0.050684042274951935,op_abx_indication,0.04021349176764488,op_img_stone_mx,0.0398540198802948
11,1.0,0.09090909090909091,0.9,0.5,NL,2,pre_indication,0.1375749558210373,op_img_stone_mx,0.11911715567111969,op_nassar,0.11447691172361374,pre_img_finding_cbd,0.10698454082012177,pre_urgency,0.07727973163127899,cbd_exploration_op_,0.07362494617700577,approach_op_,0.05980193242430687,hist_ac,0.054560065269470215,op_operator,0.04788847640156746,frailty,0.04090934619307518
10,0.0,0.0,,,SO,0,approach_op_,0.2067759931087494,op_operator,0.15361647307872772,pre_indication,0.10301341861486435,op_operator_cons,0.07715055346488953,cbd_exploration_op_,0.07033480703830719,op_anaes_inhaled,0.059810370206832886,op_img_desc_select,0.05387948080897331,pre_urgency,0.046178482472896576,op_img_stone_mx,0.04310934990644455,op_abx_indication,0.04202229157090187
10,0.0,0.0,,,PS,1,approach_op_,0.16456656157970428,op_operator,0.1279582381248474,pre_indication,0.10204866528511047,cbd_exploration_op_,0.08006837218999863,op_operator_cons,0.06573525816202164,op_anaes_inhaled,0.060587961226701736,pre_urgency,0.055787742137908936,pre_img_finding_cbd,0.05162696912884712,op_img_desc_select,0.05111100152134895,op_img_stone_mx,0.050108443945646286
9,0.0,0.0,,,BE,2,approach_op_,0.12993600964546204,pre_indication,0.11975055187940598,op_img_stone_mx,0.0966201052069664,pre_urgency,0.07827052474021912,op_operator,0.07695019990205765,pre_img_finding_cbd,0.07693634927272797,op_performed_stc,0.05618496984243393,cbd_exploration_op_,0.056092917919158936,op_nassar,0.04159281402826309,pre_indication_atlanta,0.036901459097862244
9,0.0,0.0,,,IQ,1,pre_urgency,0.15800859034061432,approach_op_,0.11732501536607742,pre_indication,0.10520976036787033,op_nassar,0.10299187898635864,op_operator,0.08297919481992722,pre_img_finding_cbd,0.07057848572731018,cbd_exploration_op_,0.047417543828487396,op_img_stone_mx,0.04707935079932213,op_operator_cons,0.03562064841389656,frailty,0.03527946397662163
8,0.0,0.0,,,SY,0,approach_op_,0.1260455697774887,cbd_exploration_op_,0.10296276211738586,pre_indication,0.08292704820632935,op_anaes_inhaled,0.08233190327882767,pre_img_finding_cbd,0.08195976167917252,op_operator,0.07708867639303207,op_nassar,0.07118447124958038,admission_prior,0.06237310171127319,pre_urgency,0.05485305190086365,op_img_desc_select,0.04505525901913643
8,0.0,0.0,,,CY,2,pre_img_finding_cbd,0.13073202967643738,pre_indication,0.12318985164165497,op_img_stone_mx,0.09585249423980713,pre_urgency,0.09355144202709198,approach_op_,0.0876636654138565,op_nassar,0.08288919925689697,cbd_exploration_op_,0.059097256511449814,op_operator,0.05366291478276253,op_performed_stc,0.04785513877868652,hist_ac,0.03785058856010437
8,0.0,0.0,,,HK,2,pre_img_finding_cbd,0.16668905317783356,pre_urgency,0.1406320184469223,op_nassar,0.11654720455408096,pre_indication,0.11087051033973694,approach_op_,0.07444973289966583,op_img_stone_mx,0.056190766394138336,op_operator,0.046595193445682526,cbd_exploration_op_,0.04598047584295273,frailty,0.041816290467977524,op_performed_stc,0.03426360338926315
7,1.0,0.14285714285714285,0.0,0.14285714285714285,GH,0,approach_op_,0.1737031638622284,op_operator,0.14237311482429504,pre_indication,0.1143515482544899,cbd_exploration_op_,0.06878125667572021,op_img_stone_mx,0.06583499163389206,op_operator_cons,0.06462521106004715,op_anaes_inhaled,0.05234089121222496,pre_urgency,0.05208900570869446,op_img_desc_select,0.04405996575951576,op_abx_indication,0.04028134047985077
7,0.0,0.0,,,LB,0,pre_img_finding_cbd,0.12417338043451309,pre_indication,0.1220833882689476,op_img_stone_mx,0.10006815940141678,pre_urgency,0.09565167129039764,approach_op_,0.0844762772321701,op_nassar,0.08220016956329346,cbd_exploration_op_,0.05873430147767067,op_performed_stc,0.050878606736660004,op_operator,0.04776090383529663,frailty,0.03926939517259598
7,0.0,0.0,,,NA,1,approach_op_,0.20743872225284576,op_operator,0.15176749229431152,pre_indication,0.10315690189599991,op_operator_cons,0.07630753517150879,cbd_exploration_op_,0.07021324336528778,op_anaes_inhaled,0.059313394129276276,op_img_desc_select,0.05386103689670563,pre_urgency,0.04733689874410629,op_img_stone_mx,0.04163309186697006,op_abx_indication,0.041265327483415604
6,0.0,0.0,,,KE,0,approach_op_,0.16991806030273438,op_operator,0.12462141364812851,pre_indication,0.09333298355340958,pre_img_finding_cbd,0.08577487617731094,cbd_exploration_op_,0.07115331292152405,op_operator_cons,0.06508488208055496,pre_urgency,0.057939883321523666,op_anaes_inhaled,0.057232532650232315,op_img_desc_select,0.051197826862335205,op_nassar,0.05073229596018791
6,0.0,0.0,,,DZ,0,approach_op_,0.16905978322029114,op_operator,0.12183155864477158,pre_indication,0.10699160397052765,cbd_exploration_op_,0.06654085218906403,op_img_stone_mx,0.06383749842643738,pre_urgency,0.0608874186873436,op_operator_cons,0.05515791103243828,pre_img_finding_cbd,0.04779140278697014,op_img_desc_select,0.04776522144675255,op_performed_stc,0.037607479840517044
5,1.0,0.2,0.75,0.5,IS,2,pre_indication,0.11944162845611572,approach_op_,0.10752853006124496,pre_img_finding_cbd,0.10573848336935043,op_img_stone_mx,0.09756401926279068,pre_urgency,0.09107334911823273,op_operator,0.05908465385437012,op_nassar,0.058342766016721725,op_performed_stc,0.05751417577266693,cbd_exploration_op_,0.05638251453638077,comorb_n,0.037148695439100266
5,0.0,0.0,,,VE,1,pre_urgency,0.17580491304397583,pre_urgency_ele_list,0.16022786498069763,approach_op_,0.13020998239517212,pre_indication,0.121601901948452,op_img_stone_mx,0.09338898956775665,op_operator,0.08862089365720749,cbd_exploration_op_,0.06889911741018295,op_nassar,0.05168191343545914,hist_ac,0.04621077701449394,op_operator_cons,0.03592068701982498
5,0.0,0.0,,,BY,1,approach_op_,0.20315052568912506,op_operator,0.15793795883655548,pre_indication,0.09642968326807022,op_anaes_inhaled,0.09206999093294144,cbd_exploration_op_,0.0886581763625145,op_operator_cons,0.087802454829216,op_img_desc_select,0.06267614662647247,op_abx_indication,0.045217592269182205,op_anaes_regional,0.037279222160577774,admission_prior,0.036280252039432526
5,0.0,0.0,,,MT,2,pre_img_finding_cbd,0.13525094091892242,pre_indication,0.1161443442106247,pre_urgency,0.11034680902957916,approach_op_,0.09487958252429962,op_img_stone_mx,0.08381300419569016,op_nassar,0.07914279401302338,op_performed_stc,0.06112774834036827,cbd_exploration_op_,0.05067453905940056,op_operator,0.044234372675418854,comorb_n,0.04088465869426727
4,0.0,0.0,,,MK,1,approach_op_,0.17972111701965332,op_operator,0.1458127200603485,pre_indication,0.11379311233758926,op_img_stone_mx,0.06631197780370712,cbd_exploration_op_,0.0660456046462059,op_operator_cons,0.06601916253566742,op_anaes_inhaled,0.05036813020706177,pre_urgency,0.049210309982299805,op_img_desc_select,0.04534883052110672,op_abx_indication,0.04230524227023125
4,0.0,0.0,,,TZ,0,pre_img_finding_cbd,0.24430078268051147,op_nassar,0.12558302283287048,pre_urgency,0.10506196320056915,approach_op_,0.08960338681936264,pre_indication,0.08139053732156754,op_operator,0.06278159469366074,cbd_exploration_op_,0.04922981932759285,op_img_stone_mx,0.03604329749941826,op_operator_cons,0.03049616888165474,op_img_desc_select,0.028386324644088745
4,0.0,0.0,,,TH,1,pre_indication,0.14417050778865814,op_img_stone_mx,0.12138301134109497,approach_op_,0.09863688796758652,op_operator,0.09299267828464508,cbd_exploration_op_,0.07034067064523697,pre_urgency,0.06832484900951385,pre_img_finding_cbd,0.05561953783035278,pre_indication_atlanta,0.04393080249428749,op_nassar,0.04391760006546974,hist_ac,0.036243364214897156
4,0.0,0.0,,,LU,2,pre_indication,0.13368132710456848,pre_img_finding_cbd,0.1222282201051712,op_img_stone_mx,0.11810306459665298,op_nassar,0.11080994457006454,pre_urgency,0.07839693129062653,cbd_exploration_op_,0.07188224047422409,approach_op_,0.0600205734372139,hist_ac,0.05421265959739685,op_operator,0.04499700665473938,pre_indication_atlanta,0.04056108370423317
4,0.0,0.0,,,SI,2,pre_img_finding_cbd,0.1288122832775116,pre_indication,0.11226910352706909,approach_op_,0.11163505166769028,pre_urgency,0.10275563597679138,op_img_stone_mx,0.08369513601064682,op_performed_stc,0.07095780223608017,op_nassar,0.061826325953006744,op_operator,0.05129973217844963,cbd_exploration_op_,0.04902452975511551,comorb_n,0.04109100624918938
4,0.0,0.0,,,NO,2,pre_indication,0.12827593088150024,op_img_stone_mx,0.10057641565799713,approach_op_,0.09472479671239853,op_nassar,0.09407342970371246,pre_img_finding_cbd,0.09225810319185257,pre_urgency,0.08364860713481903,cbd_exploration_op_,0.06571771204471588,op_operator,0.06049054116010666,pre_urgency_ele_list,0.045711226761341095,hist_ac,0.044704776257276535
4,0.0,0.0,,,RW,0,approach_op_,0.197291761636734,op_operator,0.1589696705341339,pre_indication,0.09860849380493164,cbd_exploration_op_,0.08857856690883636,op_operator_cons,0.08635500073432922,op_anaes_inhaled,0.08597864955663681,op_img_desc_select,0.06193754822015762,op_abx_indication,0.042933445423841476,pre_urgency,0.03761400282382965,op_anaes_regional,0.03616515174508095
4,0.0,0.0,,,GE,1,op_operator,0.19992154836654663,pre_indication,0.12501800060272217,approach_op_,0.10878750681877136,op_operator_cons,0.1035471260547638,op_anaes_inhaled,0.09900499880313873,cbd_exploration_op_,0.079242043197155,op_img_stone_mx,0.07283469289541245,pre_urgency,0.055850233882665634,admission_prior,0.04732764884829521,op_abx_indication,0.04052525758743286
3,0.0,0.0,,,JP,2,op_operator,0.18403583765029907,pre_indication,0.13829275965690613,approach_op_,0.11003992706537247,op_img_stone_mx,0.08919526636600494,op_operator_cons,0.08862471580505371,op_anaes_inhaled,0.08083020895719528,cbd_exploration_op_,0.07140705734491348,pre_urgency,0.06359311938285828,op_abx_indication,0.03723570331931114,op_anaes_regional,0.03548193350434303
3,0.0,0.0,,,SV,1,approach_op_,0.15000981092453003,pre_indication,0.11424697935581207,op_operator,0.08521565794944763,op_img_stone_mx,0.08394745737314224,pre_urgency,0.07617015391588211,pre_img_finding_cbd,0.06926202774047852,op_performed_stc,0.060542527586221695,cbd_exploration_op_,0.05373382940888405,comorb_n,0.03845536336302757,pre_indication_atlanta,0.03506433963775635
2,0.0,0.0,,,SN,0,pre_indication,0.13309238851070404,op_img_stone_mx,0.11770763993263245,approach_op_,0.09126509726047516,pre_img_finding_cbd,0.0879400223493576,pre_urgency,0.07546462118625641,cbd_exploration_op_,0.06678318977355957,op_operator,0.06500492244958878,op_nassar,0.0648859515786171,pre_indication_atlanta,0.04232509434223175,hist_ac,0.041849005967378616
2,0.0,0.0,,,SG,2,approach_op_,0.16546685993671417,op_operator,0.12987016141414642,pre_indication,0.11876349151134491,op_img_stone_mx,0.0815310850739479,cbd_exploration_op_,0.06308542191982269,pre_urgency,0.0552637055516243,op_operator_cons,0.052380241453647614,op_img_desc_select,0.04029581695795059,op_abx_indication,0.0396672785282135,op_anaes_inhaled,0.039043307304382324
2,0.0,0.0,,,BD,0,approach_op_,0.19485370814800262,op_operator,0.15678587555885315,pre_indication,0.10411999374628067,op_operator_cons,0.07975772768259048,cbd_exploration_op_,0.07439327985048294,op_anaes_inhaled,0.0687548816204071,op_img_desc_select,0.05411358177661896,op_img_stone_mx,0.044461511075496674,op_abx_indication,0.044015660881996155,pre_urgency,0.04341336339712143
2,0.0,0.0,,,UY,2,approach_op_,0.16175071895122528,pre_img_finding_cbd,0.10970835387706757,pre_urgency,0.10279709100723267,pre_indication,0.1023377925157547,op_performed_stc,0.09138710796833038,op_operator,0.07389498502016068,comorb_n,0.05376625806093216,op_img_stone_mx,0.052189797163009644,cbd_exploration_op_,0.039728615432977676,pre_urgency_ele_list,0.03707683086395264
2,0.0,0.0,,,PA,2,op_operator,0.16090254485607147,pre_indication,0.13690415024757385,approach_op_,0.12321212142705917,op_img_stone_mx,0.09580940008163452,op_operator_cons,0.06977970898151398,cbd_exploration_op_,0.06967595964670181,pre_urgency,0.05978529155254364,op_anaes_inhaled,0.05897732451558113,op_abx_indication,0.03651126101613045,pre_indication_atlanta,0.03237691894173622
1,0.0,0.0,,,BJ,0,pre_indication,0.13643953204154968,approach_op_,0.11711718142032623,op_img_stone_mx,0.11261069029569626,op_operator,0.10143912583589554,cbd_exploration_op_,0.06594368815422058,pre_urgency,0.06379345059394836,pre_img_finding_cbd,0.04934356361627579,pre_indication_atlanta,0.043117839843034744,op_abx_indication,0.03416116535663605,op_performed_stc,0.03309307247400284
1,0.0,0.0,,,BF,0,approach_op_,0.21094070374965668,op_operator,0.15853388607501984,pre_indication,0.10011245310306549,op_operator_cons,0.08396578580141068,cbd_exploration_op_,0.07697157561779022,op_anaes_inhaled,0.07057993113994598,op_img_desc_select,0.05945158749818802,op_abx_indication,0.04230397194623947,pre_urgency,0.04207085445523262,op_anaes_regional,0.03699337691068649
1,1.0,1.0,,,MN,0,op_nassar,0.29577338695526123,pre_img_finding_cbd,0.2131003886461258,pre_urgency,0.11758209764957428,pre_indication,0.09912798553705215,op_img_stone_mx,0.050801947712898254,frailty,0.04927545413374901,cbd_exploration_op_,0.041370127350091934,op_contam,0.030948646366596222,hist_ac,0.027913466095924377,pre_urgency_ele_list,0.022492358461022377
1,0.0,0.0,,,AL,1,approach_op_,0.1355496048927307,pre_indication,0.11405467987060547,op_img_stone_mx,0.0871880054473877,pre_img_finding_cbd,0.08639945089817047,pre_urgency,0.08549511432647705,op_operator,0.07321441918611526,op_performed_stc,0.06398516148328781,cbd_exploration_op_,0.05292796343564987,comorb_n,0.0400836206972599,op_nassar,0.039907004684209824
1,0.0,0.0,,,VN,0,approach_op_,0.143457293510437,pre_urgency,0.1126403734087944,pre_img_finding_cbd,0.11168546974658966,pre_indication,0.10653309524059296,op_performed_stc,0.08423826098442078,op_operator,0.0610898919403553,op_img_stone_mx,0.06024858355522156,comorb_n,0.053470175713300705,op_nassar,0.04266533628106117,cbd_exploration_op_,0.0406213253736496
